step,actual,gru_prediction,lstm_prediction
0,0.0,6.1947894,-5.6302943
1,0.0,-6.35437,-3.0697987
2,0.0,-6.597088,-5.564909
3,0.0,-1.0868516,1.5148966
4,0.0,-5.253327,3.0975723
5,0.0,-8.489435,-0.14945854
6,50.03,60.3745,59.05461
7,223.5,234.1154,216.03017
8,415.6,439.72296,409.12164
9,552.45,618.677,597.2525
10,700.75,728.5569,754.5261
11,738.22003,791.8544,814.76154
12,729.17004,782.50757,796.543
13,662.33,709.94684,723.034
14,535.17,583.5721,578.8095
15,339.1,377.27847,359.6343
16,146.88,170.99442,151.6773
17,14.43,29.548727,21.278353
18,0.0,-8.704054,6.2055683
19,0.0,1.4125338,7.8824687
20,0.0,1.0618869,-0.21749379
21,0.0,3.4448242,-2.3799098
22,0.0,1.193122,-15.345624
23,0.0,-1.384097,-4.7725544
